{
    "TMQ": {
        "mean": 19.21859,
        "std": 15.81723
    },
    "U850": {
        "mean": 1.55302,
        "std": 8.29764
    },
    "V850": {
        "mean": 0.25413,
        "std": 6.23163
    },
    "PSL": {
        "mean": 100814.414,
        "std": 1461.2227
    },
    "UBOT": {
        "mean": 0.13304375, 
        "std": 0.24437529
    }, 
    "VBOT": {
        "mean": 0.30492964, 
        "std": 0.2580701
    }, 
    "QREFHT": {
        "mean": 0.0077741686, 
        "std": 0.0001316383
    }, 
    "PS": {
        "mean": 96568.79, 
        "std": 184.3414
    }, 
    "T200": {
        "mean": 213.1757, 
        "std": 1.4714301
    }, 
    "T500": {
        "mean": 253.00508, 
        "std": 0.5266631
    }, 
    "PRECT": {
        "mean": 2.9446339e-08, 
        "std": 1.3005851e-08
    }, 
    "TS": {
        "mean": 278.67966, 
        "std": 1.108284
    }, 
    "TREFHT": {
        "mean": 278.38672, 
        "std": 1.0971723
    }, 
    "Z1000": {
        "mean": 474.13483, 
        "std": 1.4770347
    }, 
    "Z200": {
        "mean": 11734.111, 
        "std": 34.48687
    }, 
    "ZBOT": {
        "mean": 61.302734, 
        "std": 0.2342923
    }
}
